"file","caption","alt_text","category","png_time","StartTime"
"bio1_sizeatage.png","Length at age in the beginning of the year (or season) in the ending year of the model. Shaded area indicates 95% distribution of length at age around estimated growth curve.",NA,"Bio",2025-02-28 09:31:14.934563,"StartTime: Fri Feb 28 09:27:09 2025"
"bio2_sizeatage_plus_CV_and_SD.png","Length at age (top-left panel) with CV (thick line) and SD (thin line) of length at age shown in top-right and lower-left panels",NA,"Bio",2025-02-28 09:31:14.934563,"StartTime: Fri Feb 28 09:27:09 2025"
"bio3_sizeatage_plus_WT_and_MAT.png","Length at age (top-left panel) with weight (thick line) and maturity (thin line) shown in top-right and lower-left panels",NA,"Bio",2025-02-28 09:31:14.934563,"StartTime: Fri Feb 28 09:27:09 2025"
"bio1B_len_at_age_matrix_1.png","Distribution of length at age for seas: 1 sub_seas: 1 morph: 1",NA,"Bio",2025-02-28 09:31:14.934563,"StartTime: Fri Feb 28 09:27:09 2025"
"bio1B_len_at_age_matrix_2.png","Distribution of length at age for seas: 1 sub_seas: 1 morph: 2",NA,"Bio",2025-02-28 09:31:14.934563,"StartTime: Fri Feb 28 09:27:09 2025"
"bio1B_len_at_age_matrix_3.png","Distribution of length at age for seas: 1 sub_seas: 1 morph: 3",NA,"Bio",2025-02-28 09:31:14.934563,"StartTime: Fri Feb 28 09:27:09 2025"
"bio1B_len_at_age_matrix_4.png","Distribution of length at age for seas: 1 sub_seas: 1 morph: 4",NA,"Bio",2025-02-28 09:31:14.934563,"StartTime: Fri Feb 28 09:27:09 2025"
"bio1B_len_at_age_matrix_5.png","Distribution of length at age for seas: 1 sub_seas: 1 morph: 5",NA,"Bio",2025-02-28 09:31:14.934563,"StartTime: Fri Feb 28 09:27:09 2025"
"bio1B_len_at_age_matrix_6.png","Distribution of length at age for seas: 1 sub_seas: 1 morph: 6",NA,"Bio",2025-02-28 09:31:14.934563,"StartTime: Fri Feb 28 09:27:09 2025"
"bio1B_len_at_age_matrix_7.png","Distribution of length at age for seas: 1 sub_seas: 1 morph: 7",NA,"Bio",2025-02-28 09:31:14.934563,"StartTime: Fri Feb 28 09:27:09 2025"
"bio1B_len_at_age_matrix_8.png","Distribution of length at age for seas: 1 sub_seas: 1 morph: 8",NA,"Bio",2025-02-28 09:31:14.934563,"StartTime: Fri Feb 28 09:27:09 2025"
"bio1B_len_at_age_matrix_9.png","Distribution of length at age for seas: 1 sub_seas: 1 morph: 9",NA,"Bio",2025-02-28 09:31:14.934563,"StartTime: Fri Feb 28 09:27:09 2025"
"bio1B_len_at_age_matrix_10.png","Distribution of length at age for seas: 1 sub_seas: 1 morph: 10",NA,"Bio",2025-02-28 09:31:14.934563,"StartTime: Fri Feb 28 09:27:09 2025"
"bio1B_len_at_age_matrix_11.png","Distribution of length at age for seas: 1 sub_seas: 2 morph: 1",NA,"Bio",2025-02-28 09:31:14.934563,"StartTime: Fri Feb 28 09:27:09 2025"
"bio1B_len_at_age_matrix_12.png","Distribution of length at age for seas: 1 sub_seas: 2 morph: 2",NA,"Bio",2025-02-28 09:31:14.934563,"StartTime: Fri Feb 28 09:27:09 2025"
"bio1B_len_at_age_matrix_13.png","Distribution of length at age for seas: 1 sub_seas: 2 morph: 3",NA,"Bio",2025-02-28 09:31:14.934563,"StartTime: Fri Feb 28 09:27:09 2025"
"bio1B_len_at_age_matrix_14.png","Distribution of length at age for seas: 1 sub_seas: 2 morph: 4",NA,"Bio",2025-02-28 09:31:14.934563,"StartTime: Fri Feb 28 09:27:09 2025"
"bio1B_len_at_age_matrix_15.png","Distribution of length at age for seas: 1 sub_seas: 2 morph: 5",NA,"Bio",2025-02-28 09:31:14.934563,"StartTime: Fri Feb 28 09:27:09 2025"
"bio1B_len_at_age_matrix_16.png","Distribution of length at age for seas: 1 sub_seas: 2 morph: 6",NA,"Bio",2025-02-28 09:31:14.934563,"StartTime: Fri Feb 28 09:27:09 2025"
"bio1B_len_at_age_matrix_17.png","Distribution of length at age for seas: 1 sub_seas: 2 morph: 7",NA,"Bio",2025-02-28 09:31:14.934563,"StartTime: Fri Feb 28 09:27:09 2025"
"bio1B_len_at_age_matrix_18.png","Distribution of length at age for seas: 1 sub_seas: 2 morph: 8",NA,"Bio",2025-02-28 09:31:14.934563,"StartTime: Fri Feb 28 09:27:09 2025"
"bio1B_len_at_age_matrix_19.png","Distribution of length at age for seas: 1 sub_seas: 2 morph: 9",NA,"Bio",2025-02-28 09:31:14.934563,"StartTime: Fri Feb 28 09:27:09 2025"
"bio1B_len_at_age_matrix_20.png","Distribution of length at age for seas: 1 sub_seas: 2 morph: 10",NA,"Bio",2025-02-28 09:31:14.934563,"StartTime: Fri Feb 28 09:27:09 2025"
"bio5_weightatsize.png","Weight-length relationship",NA,"Bio",2025-02-28 09:31:14.934563,"StartTime: Fri Feb 28 09:27:09 2025"
"bio6_maturity.png","Maturity at length",NA,"Bio",2025-02-28 09:31:14.934563,"StartTime: Fri Feb 28 09:27:09 2025"
"bio8_fecundity_wt.png","Fecundity as a function of weight",NA,"Bio",2025-02-28 09:31:14.934563,"StartTime: Fri Feb 28 09:27:09 2025"
"bio9_fecundity_len.png","Fecundity as a function of length",NA,"Bio",2025-02-28 09:31:14.934563,"StartTime: Fri Feb 28 09:27:09 2025"
"bio10_spawningoutput_len.png","Spawning output at length. This is the product of maturity and fecundity unless maturity is age-based, in which case only fecundity is represented.",NA,"Bio",2025-02-28 09:31:14.934563,"StartTime: Fri Feb 28 09:27:09 2025"
"bio11_spawningoutput_age.png","Spawning output at age. This is the product of maturity and fecundity. When these processes are length-based they are converted into the age dimension using the matrix of length at age.",NA,"Bio",2025-02-28 09:31:14.934563,"StartTime: Fri Feb 28 09:27:09 2025"
"sel01_multiple_fleets_length1.png","Selectivity at length for multiple fleets.",NA,"Sel",2025-02-28 09:31:14.934563,"StartTime: Fri Feb 28 09:27:09 2025"
"sel02_multiple_fleets_age1.png","Selectivity at age for multiple fleets.",NA,"Sel",2025-02-28 09:31:14.934563,"StartTime: Fri Feb 28 09:27:09 2025"
"sel02_multiple_fleets_age2.png","Selectivity at age derived from selectivity at length for multiple fleets.",NA,"Sel",2025-02-28 09:31:14.934563,"StartTime: Fri Feb 28 09:27:09 2025"
"sel09_len_flt1sex1.png","Female ending year selectivity for Fleet_1",NA,"Sel",2025-02-28 09:31:14.934563,"StartTime: Fri Feb 28 09:27:09 2025"
"sel09_len_flt1sex2.png","Male ending year selectivity for Fleet_1",NA,"Sel",2025-02-28 09:31:14.934563,"StartTime: Fri Feb 28 09:27:09 2025"
"sel09_len_flt2sex1.png","Female ending year selectivity for Fleet_2",NA,"Sel",2025-02-28 09:31:14.934563,"StartTime: Fri Feb 28 09:27:09 2025"
"sel09_len_flt2sex2.png","Male ending year selectivity for Fleet_2",NA,"Sel",2025-02-28 09:31:14.934563,"StartTime: Fri Feb 28 09:27:09 2025"
"sel09_len_flt3sex1.png","Female ending year selectivity for Fleet_3",NA,"Sel",2025-02-28 09:31:14.934563,"StartTime: Fri Feb 28 09:27:09 2025"
"sel09_len_flt3sex2.png","Male ending year selectivity for Fleet_3",NA,"Sel",2025-02-28 09:31:14.934563,"StartTime: Fri Feb 28 09:27:09 2025"
"sel09_len_flt4sex1.png","Female ending year selectivity for Fleet_4",NA,"Sel",2025-02-28 09:31:14.934563,"StartTime: Fri Feb 28 09:27:09 2025"
"sel09_len_flt4sex2.png","Male ending year selectivity for Fleet_4",NA,"Sel",2025-02-28 09:31:14.934563,"StartTime: Fri Feb 28 09:27:09 2025"
"sel21_agelen_contour_flt1sex1.png","Female ending year selectivity and growth for Fleet_1",NA,"Sel",2025-02-28 09:31:14.934563,"StartTime: Fri Feb 28 09:27:09 2025"
"sel21_agelen_contour_flt1sex2.png","Male ending year selectivity and growth for Fleet_1",NA,"Sel",2025-02-28 09:31:14.934563,"StartTime: Fri Feb 28 09:27:09 2025"
"sel21_agelen_contour_flt2sex1.png","Female ending year selectivity and growth for Fleet_2",NA,"Sel",2025-02-28 09:31:14.934563,"StartTime: Fri Feb 28 09:27:09 2025"
"sel21_agelen_contour_flt2sex2.png","Male ending year selectivity and growth for Fleet_2",NA,"Sel",2025-02-28 09:31:14.934563,"StartTime: Fri Feb 28 09:27:09 2025"
"sel21_agelen_contour_flt3sex1.png","Female ending year selectivity and growth for Fleet_3",NA,"Sel",2025-02-28 09:31:14.934563,"StartTime: Fri Feb 28 09:27:09 2025"
"sel21_agelen_contour_flt3sex2.png","Male ending year selectivity and growth for Fleet_3",NA,"Sel",2025-02-28 09:31:14.934563,"StartTime: Fri Feb 28 09:27:09 2025"
"sel21_agelen_contour_flt4sex1.png","Female ending year selectivity and growth for Fleet_4",NA,"Sel",2025-02-28 09:31:14.934563,"StartTime: Fri Feb 28 09:27:09 2025"
"sel21_agelen_contour_flt4sex2.png","Male ending year selectivity and growth for Fleet_4",NA,"Sel",2025-02-28 09:31:14.934563,"StartTime: Fri Feb 28 09:27:09 2025"
"ts7_Spawning_biomass_(mt).png","Spawning biomass (mt)",NA,"Timeseries",2025-02-28 09:31:14.934563,"StartTime: Fri Feb 28 09:27:09 2025"
"ts9_Relative_spawning_biomass.png","Relative spawning biomass: B/B_0",NA,"Timeseries",2025-02-28 09:31:14.934563,"StartTime: Fri Feb 28 09:27:09 2025"
"ts1_Total_biomass_(mt).png","Total biomass (mt)",NA,"Timeseries",2025-02-28 09:31:14.934563,"StartTime: Fri Feb 28 09:27:09 2025"
"ts4_Summary_biomass_(mt).png","Summary biomass (mt)",NA,"Timeseries",2025-02-28 09:31:14.934563,"StartTime: Fri Feb 28 09:27:09 2025"
"ts11_Age-0_recruits_(1000s).png","Age-0 recruits (1,000s)",NA,"Timeseries",2025-02-28 09:31:14.934563,"StartTime: Fri Feb 28 09:27:09 2025"
"ts_summaryF.png","Summary F (definition of F depends on setting in starter.ss)",NA,"Timeseries",2025-02-28 09:31:14.934563,"StartTime: Fri Feb 28 09:27:09 2025"
"ts_DynamicB0.png","Dynamic B0 plot. The lower line shows the time series of estimated Spawning biomass (mt) in the presence of fishing mortality. The upper line shows the time series that could occur under the same dynamics (including deviations in recruitment), but without fishing. The point at the left represents the unfished equilibrium.",NA,"Timeseries",2025-02-28 09:31:14.934563,"StartTime: Fri Feb 28 09:27:09 2025"
"recdevs1_points.png","Recruitment deviations",NA,"RecDev",2025-02-28 09:31:14.934563,"StartTime: Fri Feb 28 09:27:09 2025"
"SR_curve.png","Stock-recruit curve.  Point colors indicate year, with warmer colors indicating earlier years and cooler colors in showing later years.",NA,"S-R",2025-02-28 09:31:14.934563,"StartTime: Fri Feb 28 09:27:09 2025"
"SR_curve2.png","Stock-recruit curve with labels on first, last, and years with (log) deviations > 0.5. Point colors indicate year, with warmer colors indicating earlier years and cooler colors in showing later years.",NA,"S-R",2025-02-28 09:31:14.934563,"StartTime: Fri Feb 28 09:27:09 2025"
"SR_resids.png","Deviations around the stock-recruit curve. Labels are on first, last, and years with (log) deviations > 0.5. Point colors indicate year, with warmer colors indicating earlier years and cooler colors in showing later years.",NA,"S-R",2025-02-28 09:31:14.934563,"StartTime: Fri Feb 28 09:27:09 2025"
"catch1 landings.png","landings",NA,"Catch",2025-02-28 09:31:14.934563,"StartTime: Fri Feb 28 09:27:09 2025"
"catch2 landings stacked.png","landings stacked",NA,"Catch",2025-02-28 09:31:14.934563,"StartTime: Fri Feb 28 09:27:09 2025"
"catch3 observed and expected landings (if different).png","observed and expected landings (if different)",NA,"Catch",2025-02-28 09:31:14.934563,"StartTime: Fri Feb 28 09:27:09 2025"
"catch9 harvest rate.png","harvest rate",NA,"Catch",2025-02-28 09:31:14.934563,"StartTime: Fri Feb 28 09:27:09 2025"
"SPR1_series.png","Timeseries of SPR. Horizontal line is at SPR target: 0.5",NA,"SPR",2025-02-28 09:31:14.934563,"StartTime: Fri Feb 28 09:27:09 2025"
"SPR2_minusSPRseries.png","Timeseries of 1-SPR. Horizontal line is at 1 - SPR target: 1 - 0.5 = 0.5",NA,"SPR",2025-02-28 09:31:14.934563,"StartTime: Fri Feb 28 09:27:09 2025"
"SPR3_ratiointerval.png","Timeseries of SPR ratio: 1-SPR",NA,"SPR",2025-02-28 09:31:14.934563,"StartTime: Fri Feb 28 09:27:09 2025"
"SPR4_phase.png","Phase plot of biomass ratio vs. SPR ratio.<br> Each point represents the biomass ratio at the start of the year and the relative fishing intensity in that same year. Warmer colors (red) represent early years and colder colors (blue) represent recent years. The vertical line at 0.4 indicates the reference point as defined in the forecast.ss which can be removed from the plot via <code>SS_plots(..., btarg = -1)</code>. The horizontal line is at 1 - SPR target: 1 - 0.5 = 0.5. ",NA,"SPR",2025-02-28 09:31:14.934563,"StartTime: Fri Feb 28 09:27:09 2025"
"index1_cpuedata_Fleet_1.png","Index data for Fleet_1. Lines indicate 95% uncertainty interval around index values based on the model assumption of lognormal error. Thicker lines (if present) indicate input uncertainty before addition of estimated additional uncertainty parameter.",NA,"Index",2025-02-28 09:31:14.934563,"StartTime: Fri Feb 28 09:27:09 2025"
"index2_cpuefit_Fleet_1.png","Fit to index data for Fleet_1. Lines indicate 95% uncertainty interval around index values based on the model assumption of lognormal error. Thicker lines (if present) indicate input uncertainty before addition of estimated additional uncertainty parameter.",NA,"Index",2025-02-28 09:31:14.934563,"StartTime: Fri Feb 28 09:27:09 2025"
"index3_obs_vs_exp_Fleet_1.png","Observed vs. expected index values with smoother for Fleet_1",NA,"Index",2025-02-28 09:31:14.934563,"StartTime: Fri Feb 28 09:27:09 2025"
"index4_logcpuedata_Fleet_1.png","Log index data for Fleet_1. Lines indicate 95% uncertainty interval around index values based on the model assumption of lognormal error. Thicker lines (if present) indicate input uncertainty before addition of estimated additional uncertainty parameter.",NA,"Index",2025-02-28 09:31:14.934563,"StartTime: Fri Feb 28 09:27:09 2025"
"index5_logcpuefit_Fleet_1.png","Fit to log index data on log scale for Fleet_1. Lines indicate 95% uncertainty interval around index values based on the model assumption of lognormal error. Thicker lines (if present) indicate input uncertainty before addition of estimated additional uncertainty parameter.",NA,"Index",2025-02-28 09:31:14.934563,"StartTime: Fri Feb 28 09:27:09 2025"
"index6_log_obs_vs_exp_Fleet_1.png","log(observed) vs. log(expected) index values with smoother for Fleet_1",NA,"Index",2025-02-28 09:31:14.934563,"StartTime: Fri Feb 28 09:27:09 2025"
"index10_resids_SE_total_Fleet_1.png","Residuals of fit to index for Fleet_1.<br>Values are (log(Obs) - log(Exp))/SE where SE is the total standard error including any estimated additional uncertainty.",NA,"Index",2025-02-28 09:31:14.934563,"StartTime: Fri Feb 28 09:27:09 2025"
"index12_resids_SE_total_Fleet_1.png","Deviations for fit to index for Fleet_1.<br>Values are log(Obs) - log(Exp) and thus independent of index uncertainty.",NA,"Index",2025-02-28 09:31:14.934563,"StartTime: Fri Feb 28 09:27:09 2025"
"index1_cpuedata_Fleet_2.png","Index data for Fleet_2. Lines indicate 95% uncertainty interval around index values based on the model assumption of lognormal error. Thicker lines (if present) indicate input uncertainty before addition of estimated additional uncertainty parameter.",NA,"Index",2025-02-28 09:31:14.934563,"StartTime: Fri Feb 28 09:27:09 2025"
"index2_cpuefit_Fleet_2.png","Fit to index data for Fleet_2. Lines indicate 95% uncertainty interval around index values based on the model assumption of lognormal error. Thicker lines (if present) indicate input uncertainty before addition of estimated additional uncertainty parameter.",NA,"Index",2025-02-28 09:31:14.934563,"StartTime: Fri Feb 28 09:27:09 2025"
"index3_obs_vs_exp_Fleet_2.png","Observed vs. expected index values with smoother for Fleet_2",NA,"Index",2025-02-28 09:31:14.934563,"StartTime: Fri Feb 28 09:27:09 2025"
"index4_logcpuedata_Fleet_2.png","Log index data for Fleet_2. Lines indicate 95% uncertainty interval around index values based on the model assumption of lognormal error. Thicker lines (if present) indicate input uncertainty before addition of estimated additional uncertainty parameter.",NA,"Index",2025-02-28 09:31:14.934563,"StartTime: Fri Feb 28 09:27:09 2025"
"index5_logcpuefit_Fleet_2.png","Fit to log index data on log scale for Fleet_2. Lines indicate 95% uncertainty interval around index values based on the model assumption of lognormal error. Thicker lines (if present) indicate input uncertainty before addition of estimated additional uncertainty parameter.",NA,"Index",2025-02-28 09:31:14.934563,"StartTime: Fri Feb 28 09:27:09 2025"
"index6_log_obs_vs_exp_Fleet_2.png","log(observed) vs. log(expected) index values with smoother for Fleet_2",NA,"Index",2025-02-28 09:31:14.934563,"StartTime: Fri Feb 28 09:27:09 2025"
"index10_resids_SE_total_Fleet_2.png","Residuals of fit to index for Fleet_2.<br>Values are (log(Obs) - log(Exp))/SE where SE is the total standard error including any estimated additional uncertainty.",NA,"Index",2025-02-28 09:31:14.934563,"StartTime: Fri Feb 28 09:27:09 2025"
"index12_resids_SE_total_Fleet_2.png","Deviations for fit to index for Fleet_2.<br>Values are log(Obs) - log(Exp) and thus independent of index uncertainty.",NA,"Index",2025-02-28 09:31:14.934563,"StartTime: Fri Feb 28 09:27:09 2025"
"index1_cpuedata_Fleet_3.png","Index data for Fleet_3. Lines indicate 95% uncertainty interval around index values based on the model assumption of lognormal error. Thicker lines (if present) indicate input uncertainty before addition of estimated additional uncertainty parameter.",NA,"Index",2025-02-28 09:31:14.934563,"StartTime: Fri Feb 28 09:27:09 2025"
"index2_cpuefit_Fleet_3.png","Fit to index data for Fleet_3. Lines indicate 95% uncertainty interval around index values based on the model assumption of lognormal error. Thicker lines (if present) indicate input uncertainty before addition of estimated additional uncertainty parameter.",NA,"Index",2025-02-28 09:31:14.934563,"StartTime: Fri Feb 28 09:27:09 2025"
"index3_obs_vs_exp_Fleet_3.png","Observed vs. expected index values with smoother for Fleet_3",NA,"Index",2025-02-28 09:31:14.934563,"StartTime: Fri Feb 28 09:27:09 2025"
"index4_logcpuedata_Fleet_3.png","Log index data for Fleet_3. Lines indicate 95% uncertainty interval around index values based on the model assumption of lognormal error. Thicker lines (if present) indicate input uncertainty before addition of estimated additional uncertainty parameter.",NA,"Index",2025-02-28 09:31:14.934563,"StartTime: Fri Feb 28 09:27:09 2025"
"index5_logcpuefit_Fleet_3.png","Fit to log index data on log scale for Fleet_3. Lines indicate 95% uncertainty interval around index values based on the model assumption of lognormal error. Thicker lines (if present) indicate input uncertainty before addition of estimated additional uncertainty parameter.",NA,"Index",2025-02-28 09:31:14.934563,"StartTime: Fri Feb 28 09:27:09 2025"
"index6_log_obs_vs_exp_Fleet_3.png","log(observed) vs. log(expected) index values with smoother for Fleet_3",NA,"Index",2025-02-28 09:31:14.934563,"StartTime: Fri Feb 28 09:27:09 2025"
"index10_resids_SE_total_Fleet_3.png","Residuals of fit to index for Fleet_3.<br>Values are (log(Obs) - log(Exp))/SE where SE is the total standard error including any estimated additional uncertainty.",NA,"Index",2025-02-28 09:31:14.934563,"StartTime: Fri Feb 28 09:27:09 2025"
"index12_resids_SE_total_Fleet_3.png","Deviations for fit to index for Fleet_3.<br>Values are log(Obs) - log(Exp) and thus independent of index uncertainty.",NA,"Index",2025-02-28 09:31:14.934563,"StartTime: Fri Feb 28 09:27:09 2025"
"index1_cpuedata_Fleet_4.png","Index data for Fleet_4. Lines indicate 95% uncertainty interval around index values based on the model assumption of lognormal error. Thicker lines (if present) indicate input uncertainty before addition of estimated additional uncertainty parameter.",NA,"Index",2025-02-28 09:31:14.934563,"StartTime: Fri Feb 28 09:27:09 2025"
"index2_cpuefit_Fleet_4.png","Fit to index data for Fleet_4. Lines indicate 95% uncertainty interval around index values based on the model assumption of lognormal error. Thicker lines (if present) indicate input uncertainty before addition of estimated additional uncertainty parameter.",NA,"Index",2025-02-28 09:31:14.934563,"StartTime: Fri Feb 28 09:27:09 2025"
"index3_obs_vs_exp_Fleet_4.png","Observed vs. expected index values with smoother for Fleet_4",NA,"Index",2025-02-28 09:31:14.934563,"StartTime: Fri Feb 28 09:27:09 2025"
"index4_logcpuedata_Fleet_4.png","Log index data for Fleet_4. Lines indicate 95% uncertainty interval around index values based on the model assumption of lognormal error. Thicker lines (if present) indicate input uncertainty before addition of estimated additional uncertainty parameter.",NA,"Index",2025-02-28 09:31:14.934563,"StartTime: Fri Feb 28 09:27:09 2025"
"index5_logcpuefit_Fleet_4.png","Fit to log index data on log scale for Fleet_4. Lines indicate 95% uncertainty interval around index values based on the model assumption of lognormal error. Thicker lines (if present) indicate input uncertainty before addition of estimated additional uncertainty parameter.",NA,"Index",2025-02-28 09:31:14.934563,"StartTime: Fri Feb 28 09:27:09 2025"
"index6_log_obs_vs_exp_Fleet_4.png","log(observed) vs. log(expected) index values with smoother for Fleet_4",NA,"Index",2025-02-28 09:31:14.934563,"StartTime: Fri Feb 28 09:27:09 2025"
"index10_resids_SE_total_Fleet_4.png","Residuals of fit to index for Fleet_4.<br>Values are (log(Obs) - log(Exp))/SE where SE is the total standard error including any estimated additional uncertainty.",NA,"Index",2025-02-28 09:31:14.934563,"StartTime: Fri Feb 28 09:27:09 2025"
"index12_resids_SE_total_Fleet_4.png","Deviations for fit to index for Fleet_4.<br>Values are log(Obs) - log(Exp) and thus independent of index uncertainty.",NA,"Index",2025-02-28 09:31:14.934563,"StartTime: Fri Feb 28 09:27:09 2025"
"index9_standcpueall.png","Standardized indices overlaid. Each index is rescaled to have mean observation = 1.0.",NA,"Index",2025-02-28 09:31:14.934563,"StartTime: Fri Feb 28 09:27:09 2025"
"numbers1_sex1_beg.png","Beginning of year expected numbers at age of females in (max ~ 28.3 million)",NA,"Numbers",2025-02-28 09:31:14.934563,"StartTime: Fri Feb 28 09:27:09 2025"
"numbers1_sex2_beg.png","Beginning of year expected numbers at age of males in (max ~ 28.3 million)",NA,"Numbers",2025-02-28 09:31:14.934563,"StartTime: Fri Feb 28 09:27:09 2025"
"numbers2_meanage_beg.png","Beginning of year mean age in the population",NA,"Numbers",2025-02-28 09:31:14.934563,"StartTime: Fri Feb 28 09:27:09 2025"
"numbers1_sex1_mid.png","Middle of year expected numbers at age of females in (max ~ 25.3 million)",NA,"Numbers",2025-02-28 09:31:14.934563,"StartTime: Fri Feb 28 09:27:09 2025"
"numbers1_sex2_mid.png","Middle of year expected numbers at age of males in (max ~ 25.3 million)",NA,"Numbers",2025-02-28 09:31:14.934563,"StartTime: Fri Feb 28 09:27:09 2025"
"numbers2_meanage_mid.png","Middle of year mean age in the population",NA,"Numbers",2025-02-28 09:31:14.934563,"StartTime: Fri Feb 28 09:27:09 2025"
"numbers6_len_sex1.png","Beginning of year expected numbers at length of females in (max ~ 32.3 million)",NA,"Numbers",2025-02-28 09:31:14.934563,"StartTime: Fri Feb 28 09:27:09 2025"
"numbers6_len_sex2.png","Beginning of year expected numbers at length of males in (max ~ 32.3 million)",NA,"Numbers",2025-02-28 09:31:14.934563,"StartTime: Fri Feb 28 09:27:09 2025"
"numbers7_meanlen.png","Beginning of year mean length (cm) in the population",NA,"Numbers",2025-02-28 09:31:14.934563,"StartTime: Fri Feb 28 09:27:09 2025"
"numbers6_len_sex1.png","Middle of year expected numbers at length of females in (max ~ 25.3 million)",NA,"Numbers",2025-02-28 09:31:14.934563,"StartTime: Fri Feb 28 09:27:09 2025"
"numbers6_len_sex2.png","Middle of year expected numbers at length of males in (max ~ 25.3 million)",NA,"Numbers",2025-02-28 09:31:14.934563,"StartTime: Fri Feb 28 09:27:09 2025"
"numbers7_meanlen.png","Middle of year mean length (cm) in the population",NA,"Numbers",2025-02-28 09:31:14.934563,"StartTime: Fri Feb 28 09:27:09 2025"
"numbers4_equilagecomp.png","Equilibrium age distribution",NA,"Numbers",2025-02-28 09:31:14.934563,"StartTime: Fri Feb 28 09:27:09 2025"
"numbers5_ageerrorSD.png","Ageing imprecision: SD of observed age (yr)",NA,"Numbers",2025-02-28 09:31:14.934563,"StartTime: Fri Feb 28 09:27:09 2025"
"numbers10_ageerror_matrix_1.png","Distribution of observed age at true age 
 for ageing error type 1",NA,"Numbers",2025-02-28 09:31:14.934563,"StartTime: Fri Feb 28 09:27:09 2025"
"comp_lendat__aggregated_across_time.png","Length comp data, aggregated across time by fleet.
 <br> Labels 'retained' and 'discard' indicate discarded or retained sampled for each fleet. Panels without this designation represent the whole catch.
",NA,"CompDat",2025-02-28 09:31:14.934563,"StartTime: Fri Feb 28 09:27:09 2025"
"comp_lendat__multi-fleet_comparison.png","Length comp data,  comparing across fleets",NA,"CompDat",2025-02-28 09:31:14.934563,"StartTime: Fri Feb 28 09:27:09 2025"
"comp_lendat_flt1mkt0.png","Length comp data, whole catch, Fleet_1.<br><br>'N adj.' is the input sample size after data-weighting adjustment. N eff. is the calculated effective sample size used in the McAllister-Ianelli tuning method.",NA,"CompDat",2025-02-28 09:31:14.934563,"StartTime: Fri Feb 28 09:27:09 2025"
"comp_lendat_bubflt1mkt0.png","Length comp data, whole catch, Fleet_1 (max=0.44)",NA,"CompDat",2025-02-28 09:31:14.934563,"StartTime: Fri Feb 28 09:27:09 2025"
"comp_lendat_data_weighting_TA1.8_Fleet_1.png","Mean length for Fleet_1 with 95% confidence intervals based on current sample sizes.",NA,"CompDat",2025-02-28 09:31:14.934563,"StartTime: Fri Feb 28 09:27:09 2025"
"comp_lendat_flt2mkt0.png","Length comp data, whole catch, Fleet_2.<br><br>'N adj.' is the input sample size after data-weighting adjustment. N eff. is the calculated effective sample size used in the McAllister-Ianelli tuning method.",NA,"CompDat",2025-02-28 09:31:14.934563,"StartTime: Fri Feb 28 09:27:09 2025"
"comp_lendat_bubflt2mkt0.png","Length comp data, whole catch, Fleet_2 (max=0.44)",NA,"CompDat",2025-02-28 09:31:14.934563,"StartTime: Fri Feb 28 09:27:09 2025"
"comp_lendat_data_weighting_TA1.8_Fleet_2.png","Mean length for Fleet_2 with 95% confidence intervals based on current sample sizes.",NA,"CompDat",2025-02-28 09:31:14.934563,"StartTime: Fri Feb 28 09:27:09 2025"
"comp_lendat_flt3mkt0.png","Length comp data, whole catch, Fleet_3.<br><br>'N adj.' is the input sample size after data-weighting adjustment. N eff. is the calculated effective sample size used in the McAllister-Ianelli tuning method.",NA,"CompDat",2025-02-28 09:31:14.934563,"StartTime: Fri Feb 28 09:27:09 2025"
"comp_lendat_bubflt3mkt0.png","Length comp data, whole catch, Fleet_3 (max=0.27)",NA,"CompDat",2025-02-28 09:31:14.934563,"StartTime: Fri Feb 28 09:27:09 2025"
"comp_lendat_data_weighting_TA1.8_Fleet_3.png","Mean length for Fleet_3 with 95% confidence intervals based on current sample sizes.",NA,"CompDat",2025-02-28 09:31:14.934563,"StartTime: Fri Feb 28 09:27:09 2025"
"sexratio_data_len_flt1mkt0.png","Sex ratios for length comps, whole catch, Fleet_1.<br>Observed sex ratios (points) with 75% intervals (vertical lines) calculated as a <a href='https://www.jstor.org/stable/2676784'>Jeffreys interval</a> based on the adjusted input sample size.",NA,"CompDat",2025-02-28 09:31:14.934563,"StartTime: Fri Feb 28 09:27:09 2025"
"sexratio_data_len_flt2mkt0.png","Sex ratios for length comps, whole catch, Fleet_2.<br>Observed sex ratios (points) with 75% intervals (vertical lines) calculated as a <a href='https://www.jstor.org/stable/2676784'>Jeffreys interval</a> based on the adjusted input sample size.",NA,"CompDat",2025-02-28 09:31:14.934563,"StartTime: Fri Feb 28 09:27:09 2025"
"sexratio_data_len_flt3mkt0.png","Sex ratios for length comps, whole catch, Fleet_3.<br>Observed sex ratios (points) with 75% intervals (vertical lines) calculated as a <a href='https://www.jstor.org/stable/2676784'>Jeffreys interval</a> based on the adjusted input sample size.",NA,"CompDat",2025-02-28 09:31:14.934563,"StartTime: Fri Feb 28 09:27:09 2025"
"comp_lenfit__aggregated_across_time.png","Length comps, aggregated across time by fleet.
 <br> Labels 'retained' and 'discard' indicate discarded or retained sampled for each fleet. Panels without this designation represent the whole catch.
",NA,"LenComp",2025-02-28 09:31:14.934563,"StartTime: Fri Feb 28 09:27:09 2025"
"comp_lenfit__multi-fleet_comparison.png","Pearson residuals,  comparing across fleets <br> 
Closed bubbles are positive residuals (observed > expected) and open bubbles are negative residuals (observed < expected).",NA,"LenComp",2025-02-28 09:31:14.934563,"StartTime: Fri Feb 28 09:27:09 2025"
"comp_lenfit_flt1mkt0.png","Length comps, whole catch, Fleet_1.<br><br>'N adj.' is the input sample size after data-weighting adjustment. N eff. is the calculated effective sample size used in the McAllister-Ianelli tuning method.",NA,"LenComp",2025-02-28 09:31:14.934563,"StartTime: Fri Feb 28 09:27:09 2025"
"comp_lenfit_residsflt1mkt0.png","Pearson residuals, whole catch, Fleet_1 (max=5.26) <br> 
Closed bubbles are positive residuals (observed > expected) and open bubbles are negative residuals (observed < expected).",NA,"LenComp",2025-02-28 09:31:14.934563,"StartTime: Fri Feb 28 09:27:09 2025"
"comp_lenfit_sampsize_flt1mkt0.png","N-EffN comparison, Length comps, whole catch, Fleet_1",NA,"LenComp",2025-02-28 09:31:14.934563,"StartTime: Fri Feb 28 09:27:09 2025"
"comp_lenfit_data_weighting_TA1.8_Fleet_1.png","Mean length for Fleet_1 with 95% confidence intervals based on current sample sizes.<br>Francis data weighting method TA1.8: thinner intervals (with capped ends) show result of further adjusting sample sizes based on suggested multiplier (with 95% interval) for len data from Fleet_1:<br>1.1849 (0.8277-3.6333) <br>For more info, see  <a href=https://doi.org/10.1139/f2011-025> Francis (2011)</a>.",NA,"LenComp",2025-02-28 09:31:14.934563,"StartTime: Fri Feb 28 09:27:09 2025"
"comp_lenfit_flt2mkt0.png","Length comps, whole catch, Fleet_2.<br><br>'N adj.' is the input sample size after data-weighting adjustment. N eff. is the calculated effective sample size used in the McAllister-Ianelli tuning method.",NA,"LenComp",2025-02-28 09:31:14.934563,"StartTime: Fri Feb 28 09:27:09 2025"
"comp_lenfit_residsflt2mkt0.png","Pearson residuals, whole catch, Fleet_2 (max=3.81) <br> 
Closed bubbles are positive residuals (observed > expected) and open bubbles are negative residuals (observed < expected).",NA,"LenComp",2025-02-28 09:31:14.934563,"StartTime: Fri Feb 28 09:27:09 2025"
"comp_lenfit_sampsize_flt2mkt0.png","N-EffN comparison, Length comps, whole catch, Fleet_2",NA,"LenComp",2025-02-28 09:31:14.934563,"StartTime: Fri Feb 28 09:27:09 2025"
"comp_lenfit_data_weighting_TA1.8_Fleet_2.png","Mean length for Fleet_2 with 95% confidence intervals based on current sample sizes.<br>Francis data weighting method TA1.8: thinner intervals (with capped ends) show result of further adjusting sample sizes based on suggested multiplier (with 95% interval) for len data from Fleet_2:<br>1.413 (0.9845-5.1581) <br>For more info, see  <a href=https://doi.org/10.1139/f2011-025> Francis (2011)</a>.",NA,"LenComp",2025-02-28 09:31:14.934563,"StartTime: Fri Feb 28 09:27:09 2025"
"comp_lenfit_flt3mkt0.png","Length comps, whole catch, Fleet_3.<br><br>'N adj.' is the input sample size after data-weighting adjustment. N eff. is the calculated effective sample size used in the McAllister-Ianelli tuning method.",NA,"LenComp",2025-02-28 09:31:14.934563,"StartTime: Fri Feb 28 09:27:09 2025"
"comp_lenfit_residsflt3mkt0.png","Pearson residuals, whole catch, Fleet_3 (max=3.26) <br> 
Closed bubbles are positive residuals (observed > expected) and open bubbles are negative residuals (observed < expected).",NA,"LenComp",2025-02-28 09:31:14.934563,"StartTime: Fri Feb 28 09:27:09 2025"
"comp_lenfit_sampsize_flt3mkt0.png","N-EffN comparison, Length comps, whole catch, Fleet_3",NA,"LenComp",2025-02-28 09:31:14.934563,"StartTime: Fri Feb 28 09:27:09 2025"
"comp_lenfit_data_weighting_TA1.8_Fleet_3.png","Mean length for Fleet_3 with 95% confidence intervals based on current sample sizes.<br>Francis data weighting method TA1.8: thinner intervals (with capped ends) show result of further adjusting sample sizes based on suggested multiplier (with 95% interval) for len data from Fleet_3:<br>1.0996 (0.8768-2.0319) <br>For more info, see  <a href=https://doi.org/10.1139/f2011-025> Francis (2011)</a>.",NA,"LenComp",2025-02-28 09:31:14.934563,"StartTime: Fri Feb 28 09:27:09 2025"
"sexratio_len_flt1mkt0.png","Sex ratios for length comps, whole catch, Fleet_1.<br>Observed sex ratios (points) with 75% intervals (vertical lines) calculated as a <a href='https://www.jstor.org/stable/2676784'>Jeffreys interval</a> based on the adjusted input sample size. The model expectation is shown  in the purple line.",NA,"LenComp",2025-02-28 09:31:14.934563,"StartTime: Fri Feb 28 09:27:09 2025"
"sexratio_len_flt2mkt0.png","Sex ratios for length comps, whole catch, Fleet_2.<br>Observed sex ratios (points) with 75% intervals (vertical lines) calculated as a <a href='https://www.jstor.org/stable/2676784'>Jeffreys interval</a> based on the adjusted input sample size. The model expectation is shown  in the purple line.",NA,"LenComp",2025-02-28 09:31:14.934563,"StartTime: Fri Feb 28 09:27:09 2025"
"sexratio_len_flt3mkt0.png","Sex ratios for length comps, whole catch, Fleet_3.<br>Observed sex ratios (points) with 75% intervals (vertical lines) calculated as a <a href='https://www.jstor.org/stable/2676784'>Jeffreys interval</a> based on the adjusted input sample size. The model expectation is shown  in the purple line.",NA,"LenComp",2025-02-28 09:31:14.934563,"StartTime: Fri Feb 28 09:27:09 2025"
"yield1_yield_curve.png","Yield curve",NA,"Yield",2025-02-28 09:31:14.934563,"StartTime: Fri Feb 28 09:27:09 2025"
"yield2_yield_curve_with_refpoints.png","Yield curve with reference points",NA,"Yield",2025-02-28 09:31:14.934563,"StartTime: Fri Feb 28 09:27:09 2025"
"yield3_surplus_production.png","Surplus production vs. biomass plot. For interpretation, see<br> <blockquote>Walters, Hilborn, and  Christensen, 2008, Surplus production dynamics in declining and recovering fish populations. <i>Can. J. Fish. Aquat. Sci.</i> 65: 2536-2551.</blockquote>",NA,"Yield",2025-02-28 09:31:14.934563,"StartTime: Fri Feb 28 09:27:09 2025"
"yield4_YPR_timeseries.png","Time series of yield per recruit (kg)",NA,"Yield",2025-02-28 09:31:14.934563,"StartTime: Fri Feb 28 09:27:09 2025"
"data_plot.png","Data presence by year for each fleet and data type.",NA,"Data",2025-02-28 09:31:14.934563,"StartTime: Fri Feb 28 09:27:09 2025"
"data_plot2.png","Data presence by year for each fleet, where circle area is <br>  relative within a data type. Circles are proportional to <br>  total catch for catches; to precision for indices, discards, and <br>  mean body weight observations; and to total sample size for <br> compositions and mean weight- or length-at-age observations. <br> Observations excluded from the likelihood have <br> equal size for all years. <br> Note that since the circles are are scaled relative <br>  to maximum within each type, the scaling within separate plots <br>  should not be compared.",NA,"Data",2025-02-28 09:31:14.934563,"StartTime: Fri Feb 28 09:27:09 2025"
"parameter_distributions_page1.png","Parameter distribution plots (plot 1 of 2). <br>Deviation parameters are not included. <br>Plotting range is equal to input limits on parameters. Use fitrange = TRUE to scale the range to the estimates.",NA,"Pars",2025-02-28 09:31:14.934563,"StartTime: Fri Feb 28 09:27:09 2025"
"parameter_distributions_page2.png","Parameter distribution plots (plot 2 of 2).",NA,"Pars",2025-02-28 09:31:14.934563,"StartTime: Fri Feb 28 09:27:09 2025"
"parameterchecks.html","<b>Estimated parameters (excluding deviation parameters)</b><br> Any parameter with a gradient value with an absolute value above 0.001 or a parameter on bounds is colored in red.",NA,"DiagnosticTables",2025-02-28 09:31:14.934563,"StartTime: Fri Feb 28 09:27:09 2025"
