year,yearbook.MX.Total,yearbook.MXplusCuba,yearbook.MX,yearbook.MX.Mid.range,yearbook.MX.Artisanal,yearbook.MXonlyCuba,yearbook.USA.GlfSt,FAO.1976.MX,FAO.1976.Cuba,FAO.web.Cuba,FAO.1976.MX.Cuba,Peer.rev.Carpenter.1965.USA.CampB,Peer.rev.Guzman.Vizcarra.1986,Peer.rev.OribePerezetal.2023,yearbook.SEDAR.61.USA,yearbook.Cuba,Artisanal.ss,Mid.range.ss,Cuban.ss,Trawlers.ss,Total.ss
1936,,,,,,,,,,,,,,,,0,,,,,
1947,,,,,,,,,,,,,,,,0,,,,,
1950,,,,,,,,,,2000,,90.719,,,,0,39.5,297.1398985,284.828075,0,621.4679735
1951,,,,,,,,,,2000,,90.719,,,,0,49.4,371.4248732,379.7707667,0,800.5956399
1952,,,,,,,,,,2000,,90.719,,,,0,61.8,464.2810914,506.3610222,0,1032.442114
1953,,,,,,,,,,2000,,90.719,,,,0,77.2,580.3513643,675.1480296,0,1332.699394
1954,,,,,,,,,,2200,,90.719,,,,0,96.6,725.4392054,900.1973728,0,1722.236578
1955,,,,,,,,,,2500,,90.719,,,,0,120.7,906.7990067,1200.263164,0,2227.762171
1956,,,,,,,,,,3000,,90.719,,,,0,150.9,1133.498758,1600.350885,0,2884.749643
1957,,,,,,,,,,4000,,90.719,,,,0,188.6,1416.873448,2133.80118,0,3739.274628
1958,2161.911,2006.824,2006.824,1771.092,235.732,,1325.1,,,4000,,90.719,,2161.911,,2162,235.7,1771.09181,2845.06824,0,4851.86005
1959,6482.63,6380.273,2586.849,2161.911,424.938,3793.424,1790.43,,,5000,,90.719,,6482.63,,6771.424,424.9,2161.91067,3793.42432,0,6380.23499
1960,6250,6336.848,3461.538,2872.208,589.33,2875.31,2052.35,,,5000,,143.337,3794,6250,,6669.31,589.3,2872.20844,2875.31017,0,6336.81861
1961,8173.077,8132.754,4171.836,3501.861,669.975,3960.918,2015.89,,,5000,,408.237,4581,8173.077,,8541.918,670,3501.86104,3960.91811,0,8132.77915
1962,7807.072,7611.662,4153.225,3545.285,607.94,3458.437,2359.06,,,4700,,453.597,4974,7807.072,,8332.437,607.9,3545.28536,3458.43673,0,7611.62209
1963,9500.62,9388.958,5849.876,4848.015,1001.861,3539.082,1618.18,6256,0,5000,6256,544.316,6157,9500.62,1784,9696.082,1001.9,4848.01489,3539.08189,0,9388.99678
1964,10176.8,9944.169,6156.948,5192.308,964.64,3787.221,1886.37,6876,0,5100,6876,,6933,10176.8,2079,10720.221,964.6,5192.30769,3787.22084,0,9944.12853
1965,10856.08,9416.874,5629.653,4745.658,883.995,3787.221,2096.5,6976,0,6400,6976,,6967,10856.08,2311,10754.221,884,4745.65757,3787.22084,0,9416.87841
1966,12540.32,11550.869,6805.211,5704.094,1101.117,4745.658,2014.42,7399,0,7000,7399,,7379,12540.32,2221,12124.658,1101.1,5704.09429,4745.65757,0,11550.85186
1967,11017.37,9668.114,3964.02,3331.266,632.754,5704.094,1635.76,4349,5135,5500,9484,,4297,11017.37,1803,10001.094,632.8,3331.26551,5704.09429,0,9668.1598
1968,10486.97,12115.384,5049.627,4311.414,738.213,7065.757,1795.95,5541,5373,8700,10914,,5415,10486.97,1980,12480.757,738.2,4311.41439,7065.75682,0,12115.37121
1969,12196.03,12248.76,7149.504,6023.573,1125.931,5099.256,2085.24,7531,4956,9200,12487,,7426,12196.03,2299,12525.256,1125.9,6023.5732,5099.25558,0,12248.72878
1970,18017.99,13045.906,8266.129,7009.926,1256.203,4779.777,2032.67,8586,6393,8600,14979,,8495,18017.99,2241,13274.777,1256.2,7009.92556,4779.77668,9.570972132,13055.47321
1971,18576.3,19888.338,10536.601,7254.963,3281.638,9351.737,1734.71,10214,4819,5600,15033,,10081,18576.3,1912,19432.737,3281.6,7254.96278,9351.73697,10.63441348,19898.93416
1972,19807.69,21746.273,13914.387,10204.71,3709.677,7831.886,1798.9,13747,4920,5800,18667,,13433,19807.69,1983,21264.886,3709.7,10204.7146,7831.88586,11.81601498,21758.11647
1973,17168.11,17279.777,11516.75,8458.437,3058.313,5763.027,1387.79,,3253,5500,3253,,11355,17168.11,1530,17118.027,3058.3,8458.43673,5763.0273,13.12890553,17292.89294
1974,16647.02,17968.363,12527.916,9696.03,2831.886,5440.447,1619.15,,2668,4000,2668,,12520,16647.02,1785,17960.447,2831.9,9696.02978,5440.44665,14.58767281,17982.9641
1975,17202.23,15642.06,11712.159,9692.928,2019.231,3929.901,1961.79,,5400,5400,,,11926,17202.23,2163,15855.901,2019.2,9692.92804,3929.90074,16.20852535,15658.23731
1976,14292.8,15046.526,9733.251,7760.546,1972.705,5313.275,1695.84,,4600,4600,,,9414,14292.8,1869,14727.275,1972.7,7760.54591,5313.27543,18.00947261,15064.53081
1977,13964.02,14147.022,9829.404,7968.362,1861.042,4317.618,1371.64,,3900,3900,,,9916,13964.02,1512,14233.618,1861,7968.36228,4317.61787,20.01052512,14166.99068
1978,14947.27,14959.677,11004.962,8557.692,2447.27,3954.715,1281.7,,3800,3800,,,11121,14947.27,1413,15075.715,2447.3,8557.69231,3954.71464,22.2339168,14981.94087
1979,12245.66,12509.305,8678.66,7496.898,1181.762,3830.645,1745.92,,2000,2000,,,8902,12245.66,1925,12732.645,1181.8,7496.89826,3830.64516,24.704352,12534.04777
1980,11389.58,11420.596,8294.045,6597.395,1696.65,3126.551,1770.4,,2929,2929,,,10238,11389.58,1952,13364.551,1696.7,6597.39454,3126.55087,27.44928,11448.09469
1981,11743.18,11631.514,8855.459,5952.233,2903.226,2776.055,1542.52,,2356,2356,,,1227,11743.18,1700,14519.055,2903.2,5952.23325,2776.05459,30.4992,11661.98704
1982,12406.95,12583.747,9916.253,5874.69,4041.563,2667.494,1792.92,,2098,2098,,,10131,12406.95,1976,12798.494,4041.6,5874.68983,2667.4938,33.888,12617.67163
1983,10049.63,9925.558,7701.613,6535.36,1166.253,2223.945,2714.98,,1652,1652,,,6745,10049.63,2993,8968.945,1166.3,6535.3598,2223.94541,176.352,10101.95721
1984,11166.25,10660.67,8591.811,5257.444,3334.367,2068.859,2607.97,,2070,2070,,,8929,11166.25,2875,10997.859,3334.4,5257.44417,2068.85856,193.344,10854.04673
1985,10732.01,10418.735,7949.752,5803.35,2146.402,2468.983,2888.77,,1815,1815,,,,10732.01,3184,13200.983,2146.4,5803.34988,2468.98263,84.192,10502.92451
1986,10700.99,10517.991,7965.261,5508.685,2456.576,2552.73,2890.91,,1914,1914,,,,10700.99,3187,13253.73,2456.6,5508.68486,2552.72953,355.104,10873.11839
1987,13008.68,15238.834,12689.206,8846.154,3843.052,2549.628,3073.6,,2076,2076,,,,13008.68,3388,14105.628,3843.1,8846.15385,2549.62779,428.16,15667.04164
1988,14407.57,14373.449,11643.92,7838.089,3805.831,2729.529,2171.51,,2189,2189,,,,14407.57,2394,14285.529,3805.8,7838.08933,2729.52854,370.368,14743.78587
1989,12410.05,12310.794,9643.3,7748.139,1895.161,2667.494,3418.68,,2580,2580,,,,12410.05,3768,15077.494,1895.2,7748.13896,2667.4938,250.368,12561.20076
1990,12639.58,13712.779,11035.98,7577.543,3458.437,2676.799,2192.16,,1164,1164,,,,12639.58,2416,15316.799,3458.4,7577.54342,2676.79901,170.88,13883.62243
1991,13613.52,13749.999,12338.709,7754.342,4584.367,1411.29,2306.54,,915,915,,,,13613.52,2543,13911.29,4584.4,7754.34243,1411.29032,167.52,13917.55275
1992,12360.42,12382.135,11423.698,7102.978,4320.72,958.437,2025.44,,429,429,,,,12360.42,2233,13318.437,4320.7,7102.97767,958.436725,137.568,12519.6824
1993,10552.11,10424.938,9686.725,6004.963,3681.762,738.213,2870.8,,341,341,,,,10552.11,3165,11290.213,3681.8,6004.96278,738.2134,153.024,10578.00018
1994,11035.98,10815.756,10372.208,6516.749,3855.459,443.548,2218.98,,298,298,,,,11035.98,2446,11479.548,3855.5,6516.74938,443.548387,130.08,10945.87777
1995,11476.43,11330.645,10970.843,6836.228,4134.615,359.802,2119.95,,211,211,,,,11476.43,2337,11835.802,4134.6,6836.22829,359.801489,254.496,11585.12578
1996,7465.881,7366.625,7028.536,5505.583,1522.953,338.089,1960.36,,269,269,,,,7465.881,2161,7804.089,1523,5505.58313,338.08933,218.88,7585.55246
1997,8098.635,7884.615,7614.764,4807.692,2807.072,269.851,2116.11,,195,195,,,,8098.635,2333,8368.851,2807.1,4807.69231,269.851117,140.64,8025.283427
1998,7496.898,7357.32,7251.861,4599.876,2651.985,105.459,1681.44,,69,69,,,,7496.898,1853,7602.459,2652,4599.87593,105.459057,91.584,7448.918987
1999,8083.127,7872.208,7813.275,4950.372,2862.903,58.933,2629.66,,110,110,,,,8083.127,2899,8141.933,2862.9,4950.37221,58.9330025,0,7872.205213
2000,9739.454,9491.315,9447.891,5936.725,3511.166,43.424,2578.91,,171,171,,,,9739.454,2843,9511.424,3773.8,5694.4239,43.4243176,0,9511.648218
2001,7335.608,7171.217,7084.368,4934.864,2149.504,86.849,2169.83,,91,91,,,,7335.608,2860,7245.849,2316.8,4842.3447,86.8486352,0,7245.993335
2002,8266.129,8120.347,8052.109,5375.31,2676.799,68.238,2375.5,,86,86,,,,8266.129,2879,2862.238,2791.5,2.3474,68.2382134,0,2862.085613
2003,5961.538,5781.637,5688.585,4689.826,998.759,93.052,2208.52,,103,103,,,,5961.538,2398,5886.052,1137,4656.2699,93.0521092,0,5886.322009
2004,5561.414,5465.261,5356.7,3867.866,1488.834,108.561,2514.7,,56,56,,,,5561.414,2760,5601.561,1667.8,3825.3423,108.560794,0,5601.703094
2005,6690.447,6619.106,6541.563,5127.171,1414.392,77.543,2282.05,,,0,,,,6690.447,2620,7106.543,1571,5458.19,77.5434243,0,7106.733424
2006,6172.457,6023.573,5973.945,4562.655,1411.29,49.628,2246.07,,,0,,,,6172.457,2492,6187.628,1576.9,4560.6267,49.6277916,0,6187.154492
2007,8957.816,8604.218,8535.98,5297.767,3238.213,68.238,1590.09,,,0,,,,8957.816,1792,8869.238,3546.2,5254.7617,68.2382134,0,8869.199913
2008,9022.953,9224.566,9153.226,5424.938,3728.288,71.34,2111.09,,,0,,,,9022.953,2359,9184.34,3717.9,5394.9356,71.3399504,0,9184.17555
2009,9832.506,9869.726,9801.488,5725.806,4075.682,68.238,1619.17,,,0,,,,9832.506,1846,10064.238,4666.8,5329.1032,68.2382134,0,10064.14141
2010,7472.084,7450.372,7379.032,4832.506,2546.526,71.34,1276.44,,,0,,,,7472.084,1471,7785.34,2920.5,4793.2083,71.3399504,0,7785.04825
2011,6339.95,6343.052,6274.814,4255.583,2019.231,68.238,2083.28,,,0,,,,6339.95,2392,6394.238,2308.1,4017.8996,68.2382134,0,6394.237813
2012,6710.89,8267.397,8196.057,4400.221,3795.836,71.34,2235.47,,,0,,,,6710.89,2610,9306.34,4053.6,5197.7639,71.3399504,0,9322.70385
2013,9309.011,7589.889,7521.651,4882.992,2638.659,68.238,2008.94,,,0,,,,9309.011,2300,7677.238,3248.6,4360.6024,68.2382134,0,7677.440613
2014,5819.053,5223.358,5152.018,2841.349,2310.669,71.34,2398.13,,,0,,,,5819.053,2801,5561.34,2604.5,2885.883,71.3399504,0,5561.72295
2015,6961.489,7169.768,7101.53,3825.318,3276.212,68.238,2051.47,,,0,,,,6961.489,2399,7328.238,3804.2,3455.928047,68.2382134,0,7328.36626
2016,6093.37,6010.36,6010.36,2119.31,3891.05,0,1908.26,,,0,,,,6093.37,2249,6093,3891.5,2152.002996,51.17866005,0,6094.681656
2017,6257.73,6212.25,6212.25,2241.95,3970.3,0,1362.15,,,0,,,,6257.73,1664,6258,4053,2254.563006,38.38399504,0,6345.947001
2018,5144.77,5112.44,5112.44,2085.41,3027.03,0,1072,,,0,,,,5144.77,,5145,3050.8,2094.8929,28.78799628,0,5174.480896
2019,5647.36,,,2134.81,3512.55,0,924,,,,,,,5647.36,,5647,3512.6,2134.8119,21.59099721,0,5669.002897
2020,5014.3,,,2015.3,2999,0,1074.3,,,,,,,5014.3,,4831,2999,2015.30455,16.19324791,0,5030.497798
2021,4696.21,,,1874.82,2821.39,,,,,,,,,,,4696.21,2821.4,1874.8274,12.14493593,0,4708.372336
2022,5186.14,,,,,,,,,,,,,,,5186.14,3655.9,1530.2382,9.108701947,0,5195.246902
2023,4257,,,,,,,,,,,,,,,,2909.8,1340.57,6.831526461,0,4257.201526
