year,total catch,B. Gonzalez et al. (1974a),MSY Gonzalez et al. (1974a),B. Gonzalez et al. (1974b),MSY Gonzalez et al. (1974b),B. Klima (1976),MSY Klima (1976),B. Buesa (1978),MSY Buesa (1978),B. Blanco et al. (1980),MSY Blanco et al. (1980),B. Doi et al. (1981),MSY Doi et al. (1981),B. Seijo (1986),MSY Seijo (1986),B. Garcia et al. (1986),MSY Garcia et al. (1986),B. Fuentes y Contreras (1986),MSY Fuentes y Contreras (1986),B. Arreguin-Sanchez (1987),MSY Arreguin-Sanchez (1987),B. Valdes et al. (1989),MSY Valdes et al. (1989),B. Moreno et al. (1991),MSY Moreno et al. (1991),B. Contreras et al. (1993),MSY Contreras et al. (1993),B. Moreno et al. (1995),MSY Moreno et al. (1995),B. Moreno et al. (1997),MSY Moreno et al. (1997),B. Monroy (1998),MSY Monroy (1998),B. Hernandez et al. (1999),MSY Hernandez et al. (1999),B. Gimenez-Hurtado et al. (2005),MSY Gimenez-Hurtado et al. (2005),B. Burgos-Rosas y Perez-Perez (2006),MSY Burgos-Rosas y Perez-Perez (2006),B. Hernandez et al. (2010),MSY Hernandez et al. (2010),B. Monroy-Garcia et al. (2013),MSY Monroy-Garcia et al. (2013),B. Burgos et al. (1999),MSY Burgos et al. (1999),B. Echazabal-Salazar et al. (2021),MSY Echazabal-Salazar et al. (2021),B. present study,SSB. present study,MSY present study
1950,337,,,,,,,,,,,,,,,,,,,,,,,,,,,,,,,,,,,,,,,,,,,,,,,279218,122036,8953
1951,421,,,,,,,,,,,,,,,,,,,,,,,,,,,,,,,,,,,,,,,,,,,,,,,278302,121773,8953
1952,526,,,,,,,,,,,,,,,,,,,,,,,,,,,,,,,,,,,,,,,,,,,,,,,276911,121392,8953
1953,658,,,,,,,,,,,,,,,,,,,,,,,,,,,,,,,,,,,,,,,,,,,,,,,274628,120806,8953
1954,822,,,,,,,,,,,,,,,,,,,,,,,,,,,,,,,,,,,,,,,,,,,,,,,271246,119875,8953
1955,1027,,,,,,,,,,,,,,,,,,,,,,,,,,,,,,,,,,,,,,,,,,,,,,,266746,118379,8953
1956,1284,,,,,,,,,,,,,,,,,,,,,,,,,,,,,,,,,,,,,,,,,,,,,,,261206,116076,8953
1957,1605,,,,,,,,,,,,,,,,,,,,,,,,,,,,,,,,,,,,,,,,,,,,,,,254714,113124,8953
1958,2007,,,,,,,,,,,,,,,,,,,228000,12000,,,,,,,,,,,,,,,,,,,,,,,,,,,247300,109674,8953
1959,8656,,,,,,,,,,,,,,,,,,,228000,12000,,,,,,,,,,,,,,,,,,,,,,,,,,,238915,105752,8953
1960,8062,,,,,,,,,,,,,,,,,,,228000,12000,,,,,,,,,,,89000,,65000,8500,,,46487,,,,,,,,,,229315,101278,8953
1961,10509,,,,,,,,,,,,,,,,,,,228000,12000,,,,,,,,,,,89000,,65000,8500,,,46487,,,,,,,,,,220077,97065.6,8953
1962,9687,,,,,,,,,,,,,,,,,,,228000,12000,,,,,,,,,,,89000,,65000,8500,,,46487,,,,,,,,,,209387,92132.4,8953
1963,11512,,,,,,,,,,,,,,,,,,,228000,12000,,,,,,,,,,,89000,,65000,8500,,,46487,,,,,,,,,,199684,87570,8953
1964,12217,,,,,,,,,18000,,,,,,,,,,228000,12000,,,,,,,,,,,89000,,65000,8500,,,46487,,,,,,,,,,188560,82562.2,8953
1965,11689,,,,,,,,,18000,,,,,,,,,,228000,12000,,,,,,,,,,,89000,,65000,8500,,,46487,,,,,,,,,,177250,77356.2,8953
1966,14398,,,,,,,,,18000,,,,,,,,,,228000,12000,,,,,,,,,,,89000,,65000,8500,,,46487,,,,,,,,,,167002,72482.2,8953
1967,13091,,,,,,,,,18000,,,,,,,,,,228000,12000,,,,,,,,,,,89000,,65000,8500,,,46487,,,,,,,,,,155187,67043.9,8953
1968,16355,,,,,,,,,18000,,,,,,,,,,228000,12000,,,,,,,,,,,89000,,65000,8500,,,46487,,,,,,,,,,146218,62408.5,8953
1969,15308,,,,,19000,,,,18000,,,,,,,,,,228000,12000,,,,,,,,,,,89000,,65000,8500,,,46487,,,,,,,,,,135930,57472.9,8953
1970,15914,,,,,19000,,,,18000,,,,,,,,,,228000,12000,,,,,,,,,,,89000,,65000,8500,,,46487,,,,,,,,,,126221,53211.7,8953
1971,25499,,,,,19000,,,,18000,,,,,,,,,,228000,12000,,,,,,,,,,,89000,,65000,8500,,,46487,,,,,,,,,,116101,48698.7,8953
1972,26445,,,,,19000,,,,18000,,,,,,,,,,228000,12000,,,,,,,,,,,89000,,65000,8500,,,46487,,48524,9199,,,,,,,99545.9,41365.5,8953
1973,20738,,,,,,,,,18000,,,,,,,,,,228000,12000,,,,,,,,,,,89000,,65000,8500,,,46487,,48524,9199,,,,,,,81382.3,33508.3,8953
1974,21233,,,,,,,,,18000,,138000,16560,,,,,,,228000,12000,,,,,,,,,67000,,89000,,65000,8500,,,46487,,48524,9199,,,,,,,68241.9,27158.6,8953
1975,18000,50000,8000,,,,,,,18000,,138000,16560,,,,,,,228000,12000,,,,,,,,,67000,,89000,,65000,8500,,,46487,,48524,9199,,,,,,,55534.3,20932,8953
1976,18234,50000,8000,50000,10000,,,,,18000,,138000,16560,,,,,,,228000,12000,,,,,,,,,67000,,89000,,65000,8500,,,46487,,48524,9199,,,,,,,46564.1,15975.2,8953
1977,16738,,,50000,10000,,,,,,,138000,16560,,,,,,,228000,12000,,,,,,,,,67000,,89000,,65000,8500,,,46487,,48524,9199,,,,,,,40725.1,11669.3,8953
1978,17333,,,,,,,,,,,,,,,,,,,228000,12000,,,,,,,,,67000,,89000,,65000,8500,,,46487,,48524,9199,,,,,,,37400.7,9115.37,8953
1979,14808,,,,,,,,,,,,,,,,,,,228000,12000,60551,14723,,,,,,,67000,,89000,,65000,8500,,,46487,,48524,9199,,,,,,,32778.1,7984.43,8953
1980,13297,,,,,,,61000,24900,,,,,,,,,,,228000,12000,60551,14723,,,,,,,67000,,89000,,65000,8500,,,46487,,48524,9199,,,,,,,29708.9,7680.65,8953
1981,13297,,,,,,,,,,,,,,,,,,,228000,12000,60551,14723,,,,,,,67000,,89000,,65000,8500,,,46487,,48524,9199,,,,,,,26958.4,7268.49,8953
1982,14184,,,,,,,,,,,,,,,,,,,228000,12000,60551,14723,,,,,,,67000,,89000,,65000,8500,,,46487,,48524,9199,51852,,,,,,26417,6122.05,8953
1983,11260,,,,,,,,,,,,,,,,,,,228000,12000,60551,14723,,,,,,,67000,,89000,,65000,8500,,,46487,,48524,9199,51852,,,,,,24391.8,4852.65,8953
1984,11902,,,,,,,,,,,,,,,12584,,,,,,60551,14723,,,,,,,67000,,89000,,65000,8500,,,46487,,48524,9199,51852,,,,293851,17031,25423.4,4821.5,8953
1985,11900,,,,,,,,,,,,,,,12584,,,,,,60551,14723,,,,,,,67000,,89000,,65000,8500,,,46487,,48524,9199,51852,,,,293851,17031,26109.5,4880.26,8953
1986,12050,,,,,,,,,,,,,,,12584,,,,,,60551,14723,,,,,,,67000,,89000,,65000,8500,,,46487,,48524,9199,51852,,,,293851,17031,27443.6,5183.64,8953
1987,16769,,,,,,,,,,,,,148834,9404,,,156139,,,,60551,14723,,,,,,,67000,,89000,,65000,8500,69000,,46487,,48524,9199,51852,,,,293851,17031,30292.4,5676.06,8953
1988,16011,,,,,,,,,,,,,,,,,,,,,60551,14723,,,,,,,67000,,89000,,65000,8500,69000,,46487,,48524,9199,51852,,,,293851,17031,27961.2,5210.27,8953
1989,13911,,,,,,,,,,,,,,,,,,,,,60551,14723,,,,,,,67000,,89000,,65000,8500,69000,,46487,,48524,9199,51852,,,,293851,17031,25228.3,5048,8953
1990,15319,,,,,,,,,,,,,,,,,,,,,,,,,,,,,67000,,89000,,65000,8500,69000,,46487,,48524,9199,51852,,,,293851,17031,23867.5,4458.96,8953
1991,14597,,,,,,,,,,,,,,,,,,,,,,,79206,15470,,,,,67000,,89000,,65000,8500,69000,,46487,,48524,9199,51852,,,,293851,17031,22054.4,3507.06,8953
1992,12957,,,,,,,,,,,,,,,,,,,,,,,79206,15470,,,,,67000,,89000,,65000,8500,69000,,46487,,48524,9199,51852,,,,293851,17031,20093.6,2770.46,8953
1993,10868,,,,,,,,,,,,,,,,,,,,,,,,,111985,16739,,,67000,,89000,,65000,8500,69000,,46487,,48524,9199,51852,,,,293851,17031,18595.1,2491.63,8953
1994,11082,,,,,,,,,,,,,,,,,,,,,,,,,111985,16739,,,67000,,89000,,65000,8500,69000,,46487,,48524,9199,51852,,,,293851,17031,18088.1,2507.74,8953
1995,11547,,,,,,,,,,,,,,,,,,,,,,,,,,,56000,14000,67000,,89000,,65000,8500,69000,,46487,,48524,9199,51852,,,,293851,17031,16734.5,2449.41,8953
1996,7367,,,,,,,,,,,,,,,,,,,,,,,,,,,56000,14000,67000,,89000,,65000,8500,69000,,46487,,48524,9199,51852,,,,293851,17031,13296.7,2013.69,8953
1997,7885,,,,,,,,,,,,,,,,,,,,,,,,,,,,,67000,,89000,,65000,8500,69000,,46487,,48524,9199,51852,,,,293851,17031,14081.1,1818.76,8953
1998,7357,,,,,,,,,,,,,,,,,,,,,,,,,,,,,67000,,89000,,65000,8500,69000,,46487,,48524,9199,51852,,,,293851,17031,13567.8,1671.93,8953
1999,7872,,,,,,,,,,,,,,,,,,,,,,,,,,,,,,,89000,,65000,8500,69000,,46487,,48524,9199,51852,,,,293851,17031,17931.4,1637.26,8953
2000,9512,,,,,,,,,,,,,,,,,,,,,,,,,,,,,,,89000,,65000,8500,69000,,46487,,48524,9199,51852,,,,293851,17031,22534.5,1809.53,8953
2001,7246,,,,,,,,,,,,,,,,,,,,,,,,,,,,,,,89000,,,,69000,,46487,,48524,9199,51852,,89450,12282,293851,17031,25030.7,3789.76,8953
2002,2862,,,,,,,,,,,,,,,,,,,,,,,,,,,,,,,89000,,,,69000,,46487,,48524,9199,51852,,,,293851,17031,28388.7,6444.14,8953
2003,5886,,,,,,,,,,,,,,,,,,,,,,,,,,,,,,,,,,,,,46487,,48524,9199,51852,,,,293851,17031,36318.7,9944.57,8953
2004,5602,,,,,,,,,,,,,,,,,,,,,,,,,,,,,,,,,,,,,46487,,48524,9199,51852,,,,293851,17031,42075.8,12613.3,8953
2005,7107,,,,,,,,,,,,,,,,,,,,,,,,,,,,,,,,,,,,,46487,,48524,9199,51852,,,,293851,17031,48027.3,15050.3,8953
2006,6187,,,,,,,,,,,,,,,,,,,,,,,,,,,,,,,,,,,,,,,48524,9199,51852,,,,293851,17031,52104.8,17306.8,8953
2007,8869,,,,,,,,,,,,,,,,,,,,,,,,,,,,,,,,,,,,,,,48524,9199,51852,,,,293851,17031,57899.4,19287.1,8953
2008,9184,,,,,,,,,,,,,,,,,,,,,,,,,,,,,,,,,,,,,,,48524,9199,51852,,,,293851,17031,61512.5,20456,8953
2009,10064,,,,,,,,,,,,,,,,,,,,,,,,,,,,,,,,,,,,,,,48524,9199,51852,,,,293851,17031,64472.4,21849.1,8953
2010,7785,,,,,,,,,,,,,,,,,,,,,,,,,,,,,,,,,,,,,,,48524,9199,51852,,,,293851,17031,64549.7,23172.4,8953
2011,6394,,,,,,,,,,,,,,,,,,,,,,,,,,,,,,,,,,,,,,,48524,9199,51852,,,,293851,17031,66595.6,24351.6,8953
2012,9323,,,,,,,,,,,,,,,,,,,,,,,,,,,,,,,,,,,,,,,,,51852,,,,293851,17031,69698.1,25387.2,8953
2013,7677,,,,,,,,,,,,,,,,,,,,,,,,,,,,,,,,,,,,,,,,,,,,,293851,17031,67893.9,26088.1,8953
2014,5562,,,,,,,,,,,,,,,,,,,,,,,,,,,,,,,,,,,,,,,,,,,,,293851,17031,66523.4,26501.9,8953
2015,7328,,,,,,,,,,,,,,,,,,,,,,,,,,,,,,,,,,,,,,,,,,,,,,,66356.5,26455.5,8953
2016,6095,,,,,,,,,,,,,,,,,,,,,,,,,,,,,,,,,,,,,,,,,,,,,,,64078.1,25817.2,8953
2017,6346,,,,,,,,,,,,,,,,,,,,,,,,,,,,,,,,,,,,,,,,,,,,,,,62437.5,25064,8953
2018,5174,,,,,,,,,,,,,,,,,,,,,,,,,,,,,,,,,,,,,,,,,,,,,,,62550.9,23869.4,8953
2019,5669,,,,,,,,,,,,,,,,,,,,,,,,,,,,,,,,,,,,,,,,,,,,,,,65288.1,23272.6,8953
2020,5030,,,,,,,,,,,,,,,,,,,,,,,,,,,,,,,,,,,,,,,,,,,,,,,66343.7,24296.8,8953
2021,4708,,,,,,,,,,,,,,,,,,,,,,,,,,,,,,,,,,,,,,,,,,,,,,,66823.9,26558.8,8953
2022,5195,,,,,,,,,,,,,,,,,,,,,,,,,,,,,,,,,,,,,,,,,,,,,,,67225.1,27524.3,8953
2023,4257,,,,,,,,,,,,,,,,,,,,,,,,,,,,,,,,,,,,,,,,,,,,,,,67834.3,27185.1,8953
