28,Early_InitAge_1,-0.048156,2,3,-5,5,0,0,act,0,-3.81E-07,dev
29,Main_RecrDev_1950,-0.056367,3,1,-5,5,0,0,act,0,-3.92E-07,dev
30,Main_RecrDev_1951,-0.183487,4,1,-5,5,0,0,act,0,-5.66E-07,dev
31,Main_RecrDev_1952,-0.193101,5,1,-5,5,0,0,act,0,-7.14E-07,dev
32,Main_RecrDev_1953,-0.204103,6,1,-5,5,0,0,act,0,-7.75E-07,dev
33,Main_RecrDev_1954,-0.21647,7,1,-5,5,0,0,act,0,-8.92E-07,dev
34,Main_RecrDev_1955,-0.229898,8,1,-5,5,0,0,act,0,-1.16E-06,dev
35,Main_RecrDev_1956,-0.244259,9,1,-5,5,0,0,act,0,-1.24E-06,dev
36,Main_RecrDev_1957,-0.25978,10,1,-5,5,0,0,act,0,-1.43E-06,dev
37,Main_RecrDev_1958,-0.275679,11,1,-5,5,0,0,act,0,-1.60E-06,dev
38,Main_RecrDev_1959,-0.292344,12,1,-5,5,0,0,act,0,-1.82E-06,dev
39,Main_RecrDev_1960,-0.308196,13,1,-5,5,0,0,act,0,-1.96E-06,dev
40,Main_RecrDev_1961,-0.325361,14,1,-5,5,0,0,act,0,-2.22E-06,dev
41,Main_RecrDev_1962,-0.3504,15,1,-5,5,0,0,act,0,-2.57E-06,dev
42,Main_RecrDev_1963,-0.366372,16,1,-5,5,0,0,act,0,-2.91E-06,dev
43,Main_RecrDev_1964,-0.388037,17,1,-5,5,0,0,act,0,-3.40E-06,dev
44,Main_RecrDev_1965,-0.40339,18,1,-5,5,0,0,act,0,-3.54E-06,dev
45,Main_RecrDev_1966,-0.413672,19,1,-5,5,0,0,act,0,-3.77E-06,dev
46,Main_RecrDev_1967,-0.421469,20,1,-5,5,0,0,act,0,-3.80E-06,dev
47,Main_RecrDev_1968,-0.423482,21,1,-5,5,0,0,act,0,-4.03E-06,dev
48,Main_RecrDev_1969,-0.418204,22,1,-5,5,0,0,act,0,-3.95E-06,dev
49,Main_RecrDev_1970,-0.42116,23,1,-5,5,0,0,act,0,-4.18E-06,dev
50,Main_RecrDev_1971,-0.423601,24,1,-5,5,0,0,act,0,-4.68E-06,dev
51,Main_RecrDev_1972,-0.427262,25,1,-5,5,0,0,act,0,-5.23E-06,dev
52,Main_RecrDev_1973,-0.426198,26,1,-5,5,0,0,act,0,-6.13E-06,dev
53,Main_RecrDev_1974,-0.390765,27,1,-5,5,0,0,act,0,-7.37E-06,dev
54,Main_RecrDev_1975,-0.28679,28,1,-5,5,0,0,act,0,-9.50E-06,dev
55,Main_RecrDev_1976,-0.0253546,29,1,-5,5,0,0,act,0,-1.34E-05,dev
56,Main_RecrDev_1977,-0.256136,30,1,-5,5,0,0,act,0,-1.05E-05,dev
57,Main_RecrDev_1978,-0.949159,31,1,-5,5,0,0,act,0,-4.08E-06,dev
58,Main_RecrDev_1979,-1.28879,32,1,-5,5,0,0,act,0,-1.53E-06,dev
59,Main_RecrDev_1980,0.305456,33,1,-5,5,0,0,act,0,2.03E-06,dev
60,Main_RecrDev_1981,-1.32739,34,1,-5,5,0,0,act,0,3.11E-06,dev
61,Main_RecrDev_1982,-0.0950095,35,1,-5,5,0,0,act,0,2.15E-05,dev
62,Main_RecrDev_1983,-0.161156,36,1,-5,5,0,0,act,0,2.83E-05,dev
63,Main_RecrDev_1984,-0.637941,37,1,-5,5,0,0,act,0,2.06E-05,dev
64,Main_RecrDev_1985,0.251126,38,1,-5,5,0,0,act,0,5.56E-05,dev
65,Main_RecrDev_1986,-0.520892,39,1,-5,5,0,0,act,0,2.58E-05,dev
66,Main_RecrDev_1987,-0.345958,40,1,-5,5,0,0,act,0,2.99E-05,dev
67,Main_RecrDev_1988,-0.360794,41,1,-5,5,0,0,act,0,2.65E-05,dev
68,Main_RecrDev_1989,0.0117787,42,1,-5,5,0,0,act,0,3.22E-05,dev
69,Main_RecrDev_1990,-0.170144,43,1,-5,5,0,0,act,0,2.14E-05,dev
70,Main_RecrDev_1991,-0.322021,44,1,-5,5,0,0,act,0,1.44E-05,dev
71,Main_RecrDev_1992,-0.361065,45,1,-5,5,0,0,act,0,1.10E-05,dev
72,Main_RecrDev_1993,-0.363544,46,1,-5,5,0,0,act,0,7.74E-06,dev
73,Main_RecrDev_1994,-0.812485,47,1,-5,5,0,0,act,0,3.70E-06,dev
74,Main_RecrDev_1995,-0.360388,48,1,-5,5,0,0,act,0,3.99E-06,dev
75,Main_RecrDev_1996,-1.84,49,1,-5,5,0,0,act,0,4.88E-07,dev
76,Main_RecrDev_1997,0.697954,50,1,-5,5,0,0,act,0,-2.35E-07,dev
77,Main_RecrDev_1998,-1.48689,51,1,-5,5,0,0,act,0,-2.82E-07,dev
78,Main_RecrDev_1999,-0.207444,52,1,-5,5,0,0,act,0,-9.55E-07,dev
79,Main_RecrDev_2000,-0.936691,53,1,-5,5,0,0,act,0,-3.59E-07,dev
80,Main_RecrDev_2001,-0.432396,54,1,-5,5,0,0,act,0,-4.56E-07,dev
81,Main_RecrDev_2002,-0.248646,55,1,-5,5,0,0,act,0,-4.06E-07,dev
82,Main_RecrDev_2003,-0.756682,56,1,-5,5,0,0,act,0,-2.32E-07,dev
83,Main_RecrDev_2004,-0.38767,57,1,-5,5,0,0,act,0,-3.01E-07,dev
84,Main_RecrDev_2005,-0.0191528,58,1,-5,5,0,0,act,0,-2.88E-07,dev
85,Main_RecrDev_2006,-0.148188,59,1,-5,5,0,0,act,0,-6.34E-08,dev
86,Main_RecrDev_2007,-0.296071,60,1,-5,5,0,0,act,0,-4.58E-08,dev
87,Main_RecrDev_2008,-0.678589,61,1,-5,5,0,0,act,0,-9.18E-09,dev
88,Main_RecrDev_2009,0.00854689,62,1,-5,5,0,0,act,0,1.20E-07,dev
89,Main_RecrDev_2010,-0.657454,63,1,-5,5,0,0,act,0,-1.74E-07,dev
90,Main_RecrDev_2011,-0.984043,64,1,-5,5,0,0,act,0,-1.02E-07,dev
91,Main_RecrDev_2012,-0.360419,65,1,-5,5,0,0,act,0,-7.02E-08,dev
92,Main_RecrDev_2013,-1.03671,66,1,-5,5,0,0,act,0,2.02E-07,dev
93,Main_RecrDev_2014,-0.770925,67,1,-5,5,0,0,act,0,2.03E-07,dev
94,Main_RecrDev_2015,-0.746566,68,1,-5,5,0,0,act,0,1.40E-07,dev
95,Main_RecrDev_2016,0.0871978,69,1,-5,5,0,0,act,0,3.98E-08,dev
96,Main_RecrDev_2017,-0.52842,70,1,-5,5,0,0,act,0,4.79E-09,dev
97,Main_RecrDev_2018,-0.316563,71,1,-5,5,0,0,act,0,3.86E-09,dev
98,Main_RecrDev_2019,-0.323354,72,1,-5,5,0,0,act,0,-7.76E-09,dev
99,Late_RecrDev_2020,0,73,4,-5,5,0,0,act,0,-1.61E-11,dev
100,Late_RecrDev_2021,0,74,4,-5,5,0,0,act,0,1.33E-12,dev
101,Late_RecrDev_2022,0,75,4,-5,5,0,0,act,0,3.59E-18,dev
102,Late_RecrDev_2023,0,76,4,-5,5,0,0,act,0,0,dev
