"Year","Age0","Age1","Age2","Age3","Age4","Age5","Age6","Age7","Age8","Age9","Age10","Age11","Age12","Age13","Age14","Age15","Age16","Age17","Age18","Age19","Age20","Age21","Age22","Age23","Age24"
2000,147106,113995,88336.7,68453.6,53045.8,41106.1,31853.8,24684,19128,14822.6,11486.3,8900.93,6897.48,5344.97,4141.9,3209.63,2487.2,1927.37,1493.55,1157.38,896.87,694.999,538.566,417.344,1436.83
2001,147035,113995,88336.7,68453.1,52933.8,40862.6,31572.8,24415.4,18893.4,14628.3,11331.8,8782.6,6810.05,5282.37,4098.23,3179.77,2467.07,1913.92,1484.61,1151.44,892.916,692.355,536.787,416.139,1435.1
2002,146979,113940,88336.7,68453.2,52962.5,40839.2,31457.5,24267.8,18746.4,14496.8,11220.7,8692.52,6739.65,5229.33,4059.6,3152.43,2448.16,1901.07,1475.97,1145.66,889.065,689.785,535.067,414.98,1433.14
2003,146960,113897,88293.8,68453.4,53003.6,40951.6,31545,24281.7,18724.2,14461.3,11183.4,8658.57,6710.95,5206.34,4042.03,3139.53,2439.02,1894.78,1471.74,1142.87,887.241,688.602,534.302,414.486,1431.94
2004,146919,113881,88260.4,68420.1,52981.7,40933.8,31572.2,24289.8,18680.6,14396.8,11115.6,8595.57,6656.16,5161,4006.17,3112.35,2419.15,1880.68,1461.97,1136.21,882.759,685.603,532.298,413.146,1429.53
2005,146885,113850,88248.6,68394.1,52956.1,40917.6,31559.9,24312.7,18689.2,14365.8,11068.7,8546.21,6610.5,5121.46,3973.51,3086.54,2399.58,1866.38,1451.82,1129.18,877.975,682.385,530.149,411.714,1426.81
2006,146842,113823,88224.1,68384.9,52920.7,40864.1,31508,24265,18673,14344,11021.7,8491.71,6558.14,5075.36,3934.95,3055.52,2375.55,1848.41,1438.81,1120,871.629,678.065,527.237,409.761,1423.17
2007,146811,113791,88203.6,68365.9,52922.4,40856,31489.2,24246.8,18655.5,14347.6,11018,8465.94,6524.29,5041.19,3903.96,3029.05,2353.91,1831.44,1426.02,1110.69,865.033,673.498,524.127,407.666,1419.06
2008,146763,113767,88178.2,68349.9,52870.4,40777,31391.6,24146.5,18567.8,14274.4,10974.5,8429.03,6480.59,4998.98,3867.01,2998.27,2329.06,1811.9,1411.08,1099.62,857.056,667.887,520.255,405.032,1413.94
2009,146715,113729,88159.6,68330.2,52853.4,40727.1,31319.6,24060.9,18481.7,14199.8,10912.7,8391.35,6449.14,4963.27,3833.11,2968.87,2304.72,1792.32,1395.73,1087.9,848.385,661.641,515.862,402,1407.88
2010,146662,113692,88130.5,68315.7,52823.8,40683.1,31246.4,23973.3,18388.8,14111.9,10838.8,8332.02,6412.17,4933.95,3802.49,2940.88,2280.93,1772.88,1380.22,1075.8,839.184,654.843,510.971,398.563,1400.78
2011,146632,113651,88101.5,68293.4,52844.4,40728.8,31290.4,23990,18383.9,14091.1,10810.4,8304.01,6386.66,4919,3788.73,2922.97,2262.99,1756.85,1366.7,1064.78,830.458,648.143,505.988,394.963,1392.88
2012,146618,113627,88070.1,68271,52844.5,40782.4,31368.7,24064.5,18431.9,14116.1,10817,8299.25,6377.59,4908.19,3783.29,2916.47,2251.93,1744.84,1355.54,1055.15,822.487,641.763,501.054,391.277,1384.23
2013,146585,113617,88051.8,68246.4,52788,40697.9,31313.4,24033.8,18411.1,14089.6,10787,8267.69,6347.82,4883.2,3762.85,2904.26,2241.68,1732.9,1344.05,1045.08,814.081,634.959,495.689,387.168,1374.25
2014,146568,113591,88043.5,68232.4,52789.9,40699.5,31300.2,24040.2,18429.6,14107.9,10793.5,8264.82,6338.19,4870.56,3750.64,2893.24,2235.4,1727.06,1336.2,1037.11,806.9,628.865,490.701,383.204,1363.61
2015,146573,113578,88023.4,68226,52804.3,40755.9,31364.7,24090.2,18486.8,14165.2,10841.5,8295.75,6355.17,4876.95,3750.6,2890.5,2231.43,1725.25,1333.72,1032.4,801.651,623.929,486.406,379.631,1352.72
2016,146565,113582,88013.4,68210.3,52775.2,40714.8,31348.5,24083.8,18477.2,14170.2,10855.4,8310.48,6363.29,4879.39,3748.49,2885.9,2226.36,1720.29,1331.09,1029.69,797.494,619.528,482.36,376.155,1341.3
2017,146569,113576,88016.2,68202.7,52775.3,40719.2,31348.3,24101.8,18499.2,14185.4,10877.5,8335.62,6385.87,4894.14,3756.61,2888.74,2225.95,1718.53,1328.73,1028.66,796.076,616.773,479.27,373.24,1330.08
2018,146572,113579,88011.7,68204.8,52765.9,40711.8,31343.1,24093.6,18506.1,14196.6,10884.8,8349.41,6402.88,4909.92,3766.91,2894.31,2227.69,1717.92,1327.19,1026.71,795.201,615.623,477.103,370.825,1319.1
2019,146584,113581,88014.3,68201.4,52784.7,40741.3,31379.2,24128.7,18533.1,14228.7,10914,8369.98,6423.8,4929.83,3783.42,2904.98,2233.68,1720.32,1327.38,1025.94,793.962,615.119,476.326,369.223,1308.84
2020,146592,113591,88015.8,68203.3,52774.7,40740,31384,24139.7,18545.8,14238,10930,8386.09,6435.29,4943.1,3796.97,2916.61,2241.24,1724.54,1328.98,1025.93,793.263,614.096,475.894,368.594,1299.61
2021,146606,113597,88023.2,68204.6,52785.3,40752,31405.4,24164.4,18572.3,14262.3,10948.3,8406.52,6453.36,4955.72,3809.64,2928.6,2251.19,1730.99,1332.62,1027.41,793.409,613.658,475.17,368.305,1292.03
2022,146621,113607,88028.1,68210.3,52790.6,40769.5,31425.2,24190.9,18599.9,14289.7,10972.5,8424.72,6472.03,4971.68,3820.74,2939.29,2261.05,1739.06,1337.86,1030.39,794.665,613.842,474.879,367.777,1285.99
2023,146631,113619,88036,68214.1,52785.9,40754.2,31417.1,24186.3,18603.6,14297.9,10983.9,8436.72,6481.94,4983.75,3831.86,2947.31,2269.08,1746.62,1344.1,1034.47,797.003,614.842,475.044,367.569,1280.92
2024,146648,113627,88045.1,68220.3,52802.2,40779.4,31438.1,24210.8,18626.4,14322.1,11006.6,8457.5,6499.57,4996.99,3844.81,2958.21,2276.74,1753.75,1350.53,1039.67,800.394,616.805,475.919,367.764,1276.94
2025,146117,113640,88051.4,68223.2,51930,38927.5,29352.7,22258.6,16961.4,12974.7,9966.33,7689.91,5958.48,4629.59,3601.47,2802.44,2177.97,1690.67,1311.6,1015.92,785.758,607.212,469.359,363.041,1266.28
2026,145544,113228,88061.4,68228.1,51932.2,38284.4,28019.7,20782.2,15593.8,11814.9,9028.75,6963.12,5417.7,4244.18,3336.67,2625.07,2063.28,1617.32,1264.42,986.634,767.81,596.109,462.059,358.037,1254.45
2027,144949,112785,87742.6,68235.8,51935.9,38286.1,27556.8,19838.4,14559.5,10862.3,8221.69,6308.07,4905.66,3858.98,3058.9,2432.06,1932.7,1532.16,1209.57,951.147,745.677,582.492,453.61,352.469,1241.5
2028,144355,112323,87398.8,67988.8,51941.8,38288.8,27558,19510.7,13898.3,10141.8,7558.77,5744.2,4444.16,3494.27,2781.28,2229.6,1790.6,1435.19,1145.88,909.884,718.857,565.701,443.249,346.024,1227.25
